Country,%Annual_Growth_imports_goods_services,%Access_Electricity,%Land_Arable,"Cause of death, by communicable diseases and maternal, prenatal and nutrition conditions (% of total).csv",CO2_Metric_tons_/capita,External_debt_stock_%GNI,Fertility_rate_births/woman,/Capita_GDP_Growth(annual),Govt_Expenditure_Education(%GDP),Adult_female_literacy_rate(15 + up),"Literacy rate, adult male (% of males ages 15 and above)",Net migration,Population growth (annual %),Renewable energy consumption (% of total final energy consumption),trade%gdp,Agricultural Land (%Land),"Agriculture, Forest,Fishing, Value Added (%) GDP)",Children in Employment (% Male),High-tech Exports ($),"Industry, Value Added (%GDP)",Population in Slums (% Urban Population),Rural population (% total Population),"School enrollment, primary and secondary (gross), gender parity index",Urban Population (% of total population),Gini
AL,2.995120321,100,22.63868569,3.023108283,1.577162624,63.8430652,1.617,2.676549556,3.611720085,97.76112366,98.51361847,268179.1,1.35,38.61521047,76.89149503,43.12773544,18.47235747,6.4,591717,20.19576373,33.338,1106598,1.018630028,61.229,33.2
DZ,6.9,100,3.108735712,12.98441128,3.69915599,3.290946289,3.023,1.104567921,4.33701992,75.32296753,87.42295837,268179.1,1.933950191,0.058958684,52.02635559,17.36553915,12.38037428,8.466835246,9027398,37.4392387,33.338,11542954,0.994899988,73.189,27.6
AO,11.23310032,43.25925827,3.930376193,59.16227295,1.202860579,63.95804182,5.519,1.219834735,3.421319962,53.4072113,79.97415161,32066,3.242982603,49.56821033,68.85028506,47.47734018,6.660118785,30,98225931,54.41159742,48.59999847,10764270,0.630320013,66.177,51.3
AR,15.58379563,100,14.323873,17.59649448,4.619085482,65.31799847,2.261,1.757648177,5.462230206,99.06204224,98.93773651,24000,0.993397493,10.04007761,32.62764373,54.33571212,6.088397131,6.394649,561915854,23.40985342,14.69999981,3599141,1.019629955,91.991,41.4
AM,12.00824984,100,15.67966259,6.69449891,1.755976031,85.51756981,1.755,7.383361636,2.707590103,99.67716217,99.80549622,268179.1,0.201539723,15.79200384,95.73718089,58.89708637,11.98835603,12,45646416,24.28740021,9.300000191,1087883,1.03489995,63.219,34.4
AU,0.211224102,100,5.986463894,4.941054322,15.53922046,51.53456,1.74,0.623892342,5.124249935,4.49542,87.8896,791229,1.515984454,9.18050296,45.71045947,48.24194425,2.121596985,21,6411061180,25.38244874,33.338,3519751,0.968850017,86.124,34.4
AT,2.447549398,100,16.29230665,3.569978616,7.033335706,51.53456,1.47,1.001203453,5.358039856,4.49542,87.8896,324998,0.412539809,34.39499175,107.779782,32.35667614,1.085623332,21,15989939763,25.52425292,33.338,3683835,0.97408998,58.515,29.7
AZ,4.130862352,100,24.18047659,5.988189042,3.855347182,34.44558034,1.73,1.366684408,2.455430031,99.72199249,99.86374664,6002,0.837019639,2.310757686,86.04387801,57.73557518,5.716874181,5.8,28035272,48.68598572,33.338,4407577,1.010730028,56.031,26.6
BD,27.01246674,85.16042328,59.64669249,22.61283722,0.533298791,18.01420028,2.036,7.031583836,1.326320052,71.94838715,77.44149017,268179.1,1.042001128,34.74706901,36.75929975,70.63232666,12.68027164,5.72861,93608711,29.64867881,47.20000076,102058744,1.115910053,37.405,32.4
BY,5.186403602,100,28.00066795,1.608653743,6.133707568,66.53985152,1.448,1.400047931,4.794990063,99.72518158,99.79398346,43648,0.12551111,6.770869532,133.3459895,42.03548913,6.784527975,2,756914800,31.29630009,33.20000076,1973604,0.990570009,79.044,25.2
BE,0.762961398,100,28.05151996,7.897905535,8.550513254,51.53456,1.62,1.238815024,6.412280083,4.49542,87.8896,240000,0.497584972,9.201640531,163.0572489,44.61030544,0.626245135,21,40830355646,19.11601621,33.338,225338,1.07336998,98.041,27.4
BJ,3.393947944,41.52923965,23.94466123,51.8319986,0.595647727,27.36569009,4.836,4.003206857,2.933969975,31.07164955,53.97703171,25005,2.715105359,50.86261794,63.68133231,33.25647393,26.87580163,24.4,1203811,16.3125612,58.79999924,6153002,0.877080023,47.861,47.8
BT,8.206693412,100,2.621644362,18.21093733,1.712274453,117.4831626,1.975,4.262399596,6.850840092,57.08361816,75.01985168,1600,1.146382274,86.90454832,84.35883592,13.60633424,15.81602193,21,58575,36.13174361,33.338,445554,1.058220029,41.612,37.4
BO,1.52466046,95.5853653,4.110588018,18.62232215,1.958514344,35.78935364,2.73,0.79655136,4.49542,88.58286285,96.52275085,268179.1,1.399098368,17.53818183,56.39730673,34.78722422,12.22175758,15.19,19560045,25.21027455,48.5,3480065,0.984809995,69.773,42.2
BA,1.402915723,100,20.0390625,1.809747742,6.451938373,82.35460582,1.265,3.391371229,4.49542,94.91049194,99.17627716,268179.1,0.002469872,40.75006023,95.25852708,43.14453125,5.597813361,11.7,253657306,23.93800504,7.599999905,1695856,0.984406,48.626,33
BW,6.661372447,64.85172272,0.458066462,44.90445318,2.935373787,9.235244835,2.874,0.750498413,9.632920265,87.45121002,86.12213898,14999,2.175290909,28.87982699,74.11075902,45.6330168,1.949304355,21,19399628,28.3027575,33.338,687147,1.015820026,70.172,53.3
BR,1.105194763,100,9.688279928,13.70864088,2.242393446,31.7927598,1.73,0.379344236,6.32254982,93.42507172,93.00904083,106000,0.751548427,43.7903892,28.97662365,33.92453345,4.436544793,3.52,9427923439,17.92222642,16.29999924,27807886,1.025930047,86.824,53.9
BG,5.172165942,100,32.20338983,2.214004172,5.851501062,60.05043627,1.56,4.426793443,4.09250021,97.98390198,98.74723053,268179.1,1.35,17.65007793,125.1725329,46.25092115,3.236492593,21,2099897945,21.61878315,33.338,1719734,0.976819992,75.347,40.4
BF,10.06411987,14.4,21.92982456,54.10482801,0.183287285,23.89613291,5.189,2.735458618,5.383790016,32.68761826,50.07458878,268179.1,2.844222553,74.16718786,56.72526029,44.2251462,20.17366478,55.6,34864593,25.57966381,57.09999847,14229029,1.006510019,29.98,35.3
BI,12.10001,11.02425194,46.72897196,51.1748058,0.047201096,19.1536163,5.41,1.021529748,5.078649998,61.22369003,76.29605103,10003,3.128967114,95.67892425,41.85736024,79.16666667,28.89755838,31.3,224575,10.95613431,47.70000076,9989403,1.042940021,13.366,38.6
CM,10.59962314,62.66007233,13.11586385,51.81622547,0.346522621,33.49551816,4.572,1.074649585,3.131200075,71.58627319,82.6280365,268179.1,2.584247107,76.53840041,44.86772122,20.62575363,14.50766354,63.6,30197985,26.03737992,33.70000076,11135124,0.885640025,56.968,46.6
CA,0.558665633,100,4.812883034,4.772252267,15.09005647,51.53456,1.4988,0.218665439,5.274439812,4.49542,87.8896,1210159,1.424051307,22.02535921,64.9767045,6.891838245,1.862225893,21,32423076385,23.29530055,0.01,6961543,1.003329992,81.482,33.3
CV,0.894105156,93.58599854,12.40694789,15.8291786,1.021783088,93.90365527,2.274,4.482596583,5.181749821,82.04222107,91.69143677,268179.1,1.127924314,26.5797159,116.2145286,19.60297767,4.796943431,21,12,19.60576413,33.338,185906,1.006999969,66.195,42.4
CF,8.210987767,32.42039871,2.889338342,59.0611668,0.065457798,36.98070654,4.721,1.260146014,1.107920051,25.75638008,49.51459122,268179.1,1.674745212,76.56702001,66.13513044,8.154354875,32.42511449,36.6,8173212,21.13048118,95.40000153,2763121,0.760950029,41.77,56.2
TD,3.999997895,11.75935555,3.891359593,63.44751848,0.069755686,32.05617909,5.747,0.209857603,2.454819918,13.95522976,31.32879066,10000,2.985937461,89.35739557,74.57052556,39.65613088,42.59444912,56.70907053,16399628226,14.27005097,86.90000153,12234603,0.728309989,23.279,43.3
CL,7.911220151,100,1.707794682,7.111620873,4.713171921,51.53456,1.649,2.513385043,5.41945982,96.33402252,96.48062897,558539,1.182980431,24.88255427,56.76178882,21.17164983,3.544254074,6.2,676197773,29.33007447,8.800000191,2341903,0.985650003,87.643,44.4
CN,7.017886,100,12.66482109,3.549710558,7.175809897,14.774968,1.69,5.731672797,4.49542,95.15933228,98.46653748,268179.1,0.357291063,12.41335257,35.68008708,56.2123131,7.111634069,21,7.16E+11,38.97254119,24.60000038,554781038,1.015290022,60.308,38.5
CO,8.101730452,99.93644714,1.521946801,10.33977341,2.030378008,44.24166927,1.807,1.86865604,4.457489967,95.31891632,94.85182953,1023981,1.356788043,23.56475752,37.70909339,40.25741466,6.74171968,6.92,759451766,26.25682677,27.79999924,9512141,1.013210058,81.104,50.4
KM,1.413699258,81.92275238,34.92745721,44.07133812,0.253503052,25.5736821,4.205,1.140509904,2.545059919,52.95639038,64.64420319,268179.1,2.205877437,45.33305239,42.07566719,71.46695091,33.07157522,21,834198,8.853911468,68.40000153,602734,1.022899985,29.164,45.3
CG,5.562237095,68.51843262,1.610541728,51.96721583,0.65889694,64.82385128,4.428,3.400525489,3.511049986,74.61875916,86.07650757,91771,2.562900803,62.40211902,122.2494296,31.11859444,7.784656909,31.4,31263357,50.35756024,47.79999924,1755498,1.003340006,67.373,48.9
CD,4.739799213,18.97766113,3.131823295,56.18278095,0.025644617,11.10570891,5.919,1.110159506,1.454949975,66.49997711,88.52468872,119303,3.187086302,95.81769971,63.1738408,11.55686906,19.96523389,39.15632058,16399628226,40.73373984,77.5,47694888,0.889490008,45.046,42.1
CR,0.082750211,100,4.847238543,7.128495366,1.637646665,51.25079546,1.754,1.110597648,7.048759937,97.92443085,97.80235291,21000,0.957905014,38.73341388,66.02250009,34.45945946,4.243557049,1.94,1154572220,18.46033524,3.900000095,1005676,1.041319966,80.076,48
CI,1.230916422,66.99118042,9.119496855,54.3054201,0.406063977,33.6675453,4.649,3.557735162,3.256030083,40.49937057,53.65694046,268179.1,2.549336239,64.52802565,46.40091446,64.77987421,20.67122108,36.6,141822739,21.18727272,60.09999847,12539644,0.884140015,51.239,41.5
HR,6.34723443,100,15.58255897,3.396394081,4.189377314,51.53456,1.47,3.373359682,3.917129993,98.66590881,99.62970734,268179.1,0.023523124,33.12746664,104.1709915,27.59113653,2.920006027,21,954203937,20.26115585,33.338,1738221,1.032649994,57.242,30.4
CY,1.951250049,100,9.159090612,4.791724617,5.662572734,51.53456,1.329,1.860235753,5.777190208,98.1162262,99.28614807,25000,0.779788192,9.942066016,144.8161125,12.15692661,1.735895426,21,92911881,12.70802145,33.338,397867,0.983219981,66.805,31.4
CZ,1.371878877,100,32.2973323,5.827791344,9.673898662,51.53456,1.71,1.953761769,3.854020119,99.86843109,99.7958374,110057,0.373537317,14.82856195,142.7561654,45.18259518,1.934204584,21,37834284166,31.43260317,33.338,2783117,1.004989982,73.921,24.9
DK,2.439620642,100,56.56108597,6.826140097,5.549144642,51.53456,1.73,2.409078245,7.816080093,4.49542,87.8896,75998,0.429153164,33.17027717,109.2924316,62.01476542,1.328104617,21,9581327558,21.11962893,0.001,698080,0.999819994,87.994,28.7
DJ,6.711264123,60.39544678,0.086281277,37.41382335,0.6670057,79.00194888,2.728,6.149888276,3.627739906,4.49542,87.8896,4501,1.515180502,15.38059522,288.2166978,73.4253667,1.271718563,21,1331100,15.9377782,64.5,215011,1.00158,77.915,41.6
DO,5.812880445,100,16.55971848,12.57576408,2.429209493,42.42434872,2.346,3.958570579,2.046789885,93.76412964,93.79360199,268179.1,1.046460513,16.48010921,51.01114492,48.68557235,5.227288926,15.71393903,383916253,29.07733665,14.80000019,1951483,1.005259991,81.828,43.7
TP,22.74835992,85.59183502,10.42367182,40.05523742,0.406011541,7.530679443,4.023,16.4147346,6.792950153,64.2109375,71.86872101,268179.1,1.963835583,18.22368928,83.68898169,25.55480834,14.18536438,22.2,16399628226,29.37277795,33.40000153,892937,1.027629972,30.947,28.7
EC,1.632800079,100,3.929779353,12.33679297,2.495570554,49.54171107,2.427,0.573877117,4.998700142,92.08669281,93.77906036,182000,1.679213179,13.81668594,46.7399136,22.2096956,8.996839178,5.911136,68045527,32.26645453,20.10000038,6256951,1.021919966,63.986,45.4
EG,10.60963618,100,2.79950778,9.628460813,2.525862866,39.39966881,3.326,3.492042607,3.760829926,65.50569153,76.49521637,268179.1,1.976284348,5.709377265,43.26512974,3.750836325,11.0485607,4.8,323853847,35.62210783,5.199999809,57492249,1.000650048,42.73,31.5
SV,3.803518838,100,35.56949807,15.7989247,1.1278829,70.23112365,2.039,1.861864673,3.592420101,87.23413849,91.1023407,268179.1,0.509683302,24.40076999,77.17887668,76.44787645,5.080850724,10.94549,230626406,25.63180355,22.39999962,1758851,0.977670014,72.746,38.6
EE,3.728713129,100,16.0110421,3.582599329,12.60802104,51.53456,1.67,4.631335805,4.973380089,99.90947723,99.85897827,19555,0.348339662,27.47683347,141.8060266,23.07338394,2.49300424,21,1345110,22.03844875,33.338,410662,1.015769958,69.051,30.4
ET,18.46389681,44.97995758,15.119,44.65431528,0.143524928,29.67575593,4.247,5.604510971,4.737919807,44.42338181,59.24145889,150002,2.579563348,92.16346114,28.81530101,36.259,33.521072,32.5,9903646,24.82236751,64.30000305,88290020,0.921459973,21.225,35
FJ,7.017886,99.5933609,9.031198686,9.350539618,2.345470364,20.21619609,2.774,3.104794141,3.882889986,99.08583069,99.07843781,268179.1,0.729660242,31.26394709,103.4367329,23.26217843,11.84914876,21,61615525,15.58580363,11.19999981,384905,1.048570037,56.75,36.7
FI,3.267003604,100,7.390345826,1.42416707,8.34721998,51.53456,1.41,1.057789612,6.376210213,4.49542,87.8896,70000,0.086789963,43.23526259,80.0412378,7.485768813,2.311727831,21,4563213733,24.18605231,33.338,803615,1.057899952,85.446,27.4
FR,2.538190509,100,33.52330476,6.368028036,4.573459729,51.53456,1.88,1.366344012,5.451600075,4.49542,87.8896,182636,0.140234218,13.49926232,64.52272903,52.44754417,1.597141948,21,1.21E+11,17.13520341,33.338,12935745,1.000519991,80.709,31.6
GA,20.45615198,93.03568268,1.261303217,46.27022173,2.649976866,46.37317314,3.969,1.39466775,2.666670084,83.42397308,85.85234833,16301,2.484089207,82.00784369,72.24979736,20.02561416,5.554416266,25.6,16399628226,47.20818078,36.59999847,222885,0.984406,89.741,38
GM,3.078575783,60.3,43.47826087,52.1731292,0.247408381,39.97467313,5.219,3.002779601,2.420300007,41.57701874,61.76725006,1517,2.921850237,51.50886249,55.53869244,59.7826087,21.79719527,26.19,402,15.79299368,27.10000038,893748,1.001129985,61.931,35.9
GE,10.26451085,100,4.950352569,2.753144065,2.717167113,101.6005961,2.06,5.156371879,3.52105999,99.2947464,99.43752289,268179.1,0.013386075,28.66253881,118.6468046,34.45100014,6.504589282,33.6,19353258,20.3125586,34.09999847,1523815,1.00751996,59.039,36.4
DE,2.560280431,100,33.67013968,4.759985416,8.840128794,51.53456,1.57,0.280856539,4.905119896,4.49542,87.8896,2719112,0.273451074,14.2062527,87.98912744,47.67861232,0.721821951,21,2.09E+11,26.70373001,0.01,18798952,0.960990012,77.376,31.9
GH,1.669136308,82.39457703,20.65570889,45.23819591,0.585289432,41.14119861,3.87,4.200436672,3.989439964,74.47438812,83.52458191,150000,2.162577887,41.41279431,71.37819082,68.99885734,17.30634537,28.83964,9928827,31.99322087,30.39999962,13168802,1.008170009,56.707,43.5
GR,2.482931026,100,16.60201707,12.85460659,5.793848369,51.53456,1.35,2.028291703,3.963959932,97.39409637,98.50704956,113586,0.128880433,17.17004755,74.38446689,47.60279286,3.654929225,21,1778210448,15.28280731,3,2209023,0.975350022,79.388,34.4
GT,5.57426278,94.69546509,8.044046286,22.30970346,1.059947788,35.24940406,2.87,2.237097307,3.212199926,76.37065887,86.75615692,268179.1,1.560386048,63.65099179,45.86559654,35.98357596,9.365381622,10.03780301,241853800,21.91668523,31,8063081,0.97183001,51.439,48.3
GN,18.25079233,44,12.61598567,57.96012489,0.255224608,23.53594762,4.7,2.648714213,2.315939903,21.96224976,43.64009094,268179.1,2.834575382,76.26839132,76.20095503,59.01025558,23.63852358,40.3,799558,23.72528423,50.09999847,8109741,0.785929978,36.5,33.7
GW,18.19741692,28.66202164,10.6685633,57.6206587,0.164583657,44.19976341,4.476,2.061873241,2.13248992,30.76851082,62.15797043,268179.1,2.456522095,86.85179394,57.00855584,57.9658606,52.53759566,65.34952483,16399628226,13.19698353,74.40000153,1080000,0.644640029,43.777,50.7
HT,3.582251995,45.27788925,38.82438316,24.65623326,0.274687476,15.39365731,2.935,0.38079797,2.780469894,58.30052185,65.27764893,268179.1,1.249899403,76.07221323,47.35457929,66.76342525,19.38274919,40.3,16399628226,23.31653872,65.90000153,4934129,0.984406,56.192,41.1
HN,2.169109446,91.88720703,9.116096166,10.68342369,1.058473626,42.13632822,2.46,0.982330295,6.06746006,87.26555634,87.13764191,268179.1,1.640648793,51.53741358,96.61335126,28.9123246,10.72196511,15.11724,12634974,27.38690563,38.59999847,4119684,1.04629004,57.73,52.1
HU,7.515330841,100,47.76317243,1.976896912,4.639973434,51.53456,1.55,4.638293798,4.667099953,99.09999847,99.16000366,29999,1.35,15.55936205,161.2577302,58.35634596,3.357050457,21,18527224783,24.96187643,13.60000038,2770705,0.994589984,71.644,30.6
IS,0.827146304,100,1.206982544,4.968023006,6.154683862,51.53456,1.71,1.071024577,7.658219814,4.49542,87.8896,1900,2.406724253,77.02968921,85.91666622,18.67331671,4.343769155,21,305002021,19.38758504,33.338,22157,0.994610012,93.855,26.8
IN,8.597579178,95.2358551,52.62462204,24.16618437,1.817783386,19.73559503,2.222,3.128532264,3.844670057,65.79080963,82.36670685,268179.1,1.015106028,36.02122257,39.55006082,60.44719645,16.01507787,1.9,23643556632,24.7794349,35.20000076,895386226,1.020169973,34.472,35.7
ID,11.88120295,98.51,12.97217331,18.92565955,2.153758127,37.03422669,2.311,3.875165687,3.583600044,93.99217987,97.33133698,268179.1,1.100584587,36.8793481,37.30339786,31.46442036,12.71715358,4.2,6285817887,38.9487536,30.60000038,119115844,0.993399978,55.985,37.8
IR,13.40535271,100,9.017289226,8.089179176,8.316701233,1.264801601,2.137,2.327703159,3.955359936,80.78743744,90.35240936,268179.1,1.352226023,0.913005057,56.17306211,28.21410153,12.18187982,21,175291017,31.67780302,25.29999924,20404283,1.01710999,75.391,40.8
IQ,12,99.9,11.5173403,15.29683139,5.191404781,51.53456,3.672,2.073898719,4.49542,79.90000153,91.19999695,39171,2.254134219,0.798830769,77.34777686,21.42225296,1.476382046,8.3,16399628226,49.89769522,45.70000076,11526415,0.813799977,70.678,29.5
IE,35.60630658,100,6.474089128,5.68459569,7.930340975,51.53456,1.75,3.966385251,3.506860018,4.49542,87.8896,118020,1.511494038,9.081399013,239.2150917,64.53766875,0.901973136,21,39356223019,35.18268822,33.338,1805612,1.06024003,63.405,32.8
IL,4.10771,100,13.63216266,10.31801178,7.625351861,51.53456,3.09,1.523015057,6.092619896,4.49542,87.8896,50002,1.901250951,3.707766913,56.76621639,24.58410351,1.142706903,21,12564551000,19.41589573,33.338,678959,1.012850046,92.501,39
IT,3.510160732,100,22.44509417,5.504788046,5.270866786,51.53456,1.29,0.549676888,4.044939995,98.9719162,99.35344696,744713,0.917504096,16.51685058,59.9562955,43.23451418,1.91353303,21,32869409059,21.38174278,33.338,17646804,0.978990018,70.736,35.9
JM,0.7,98.93328094,11.08033241,8.973658908,2.830147084,98.82872981,1.979,0.24149631,5.16918993,92.69999695,83.44000244,268179.1,0.456356197,16.77190746,89.02638174,40.99722992,6.598570424,6.4,1518794,20.251645,57.09999847,1297685,0.99673003,55.985,45.5
JP,3.37162372,100,11.4768488,10.2966194,8.944372824,51.53456,1.42,0.864738282,3.182179928,4.49542,87.8896,357800,0.017960542,6.297357081,36.81650736,12.26409919,1.239368298,21,1.04E+11,29.07201364,33.338,10482515,0.984406,91.698,32.9
JO,7.643976233,99.9,2.672448688,10.01022905,2.628700806,75.6749563,2.761,0.485101304,3.072530031,97.83207703,98.61421204,51099,1.452664319,3.229170042,86.34253757,12.00675784,4.912643817,2.01,71400169,24.45447108,23.39999962,888646,1.000130057,91.203,33.7
KZ,11.6,100,10.88824684,5.124694704,13.89268146,98.29527917,2.84,3.159841981,2.615950108,99.73899078,99.8296814,159807,1.290742218,1.558442912,63.89756829,80.37633811,4.466335958,4.4,2251491437,33.02879591,33.338,7860906,1.01346004,57.54,27.5
KE,2.481299083,75,10.19081421,48.28991208,0.36511748,36.56528082,3.492,2.998930483,5.306250095,78.1889267,84.98883057,25144,2.27190164,72.66275251,33.40144307,48.54693046,34.14965361,34.94167101,82475871,16.14641759,46.5,38112450,0.950529993,27.507,40.8
KI,5.451721302,100,2.469135802,21.61675988,0.58659486,51.53456,3.569,0.71808075,11.98812008,4.49542,87.8896,268179.1,1.506969958,4.253998693,98.39241362,41.97530864,28.6156452,21,42923,12.4706624,33.338,53117,1.071849942,54.835,37
KR,1.712882232,100,14.57600286,12.82878715,12.11106978,51.53456,0.977,1.837150505,4.333099842,97.61865997,98.31552124,58657,0.198353208,2.707702804,76.99642931,17.44607064,1.62242067,21,1.54E+11,32.83214695,33.338,9602379,0.995530009,81.43,31.6
KG,2.942742088,100,6.715328467,10.44143105,1.609873016,106.4022664,3.3,2.336684474,6.026189804,99.49971771,99.67700958,268179.1,2.098717844,23.3068222,103.0849986,54.95828989,12.08984304,47.2424449,29880952,27.60633812,9.699999809,4093812,0.993589997,36.591,27.7
LA,4.552,97.91982269,6.60745234,25.64050373,2.594704584,94.11267065,2.667,3.076179912,2.937809944,79.39103699,89.96128082,268179.1,1.517115575,59.31586075,75.09189092,10.26429809,15.28811753,7.6,229427369,30.90984611,21.10000038,4613903,0.95104003,35.645,36.4
LV,2.956773845,100,20.71405597,3.040765024,3.574298418,51.53456,1.6,2.821572309,4.397119999,99.90640259,99.86837006,268179.1,1.35,38.09801717,121.0945011,31.05500161,3.724961325,21,1471919256,18.55506702,33.338,608174,0.997439981,68.222,35.6
LB,1.145867836,100,12.90322581,5.553377481,3.694800615,144.9338367,2.087,4.922417632,2.432450056,93.30500793,96.85466003,1192354,0.099061362,3.64671967,96.04102754,64.32062561,3.073209976,21,39529301,12.76192834,61.09999847,770719,0.984406,88.758,31.8
LS,0.6971505,47,11.5942029,42.18825423,1.210551224,33.3555832,3.141,4.238094766,6.985189915,84.93489075,67.74746704,268179.1,0.809566476,52.13920609,139.3661017,77.63504611,4.53165759,4,1254081,29.06067342,53.59999847,1517760,1.045050025,28.585,44.9
LR,0.430053619,25.9182663,5.1910299,58.43149773,0.302199709,49.95012744,4.315,5.82096229,2.584120035,34.09225845,62.69655991,25000,2.427194604,83.84704334,127.4522759,28.03156146,39.1132363,21.7,16399628226,11.9679998,70.30000305,2388948,0.863579989,51.615,35.3
LT,6.343644373,100,34.20388926,3.414327994,4.519456418,51.53456,1.63,4.889188543,3.812829971,99.83323669,99.79418945,268179.1,1.35,28.96117925,149.693088,47.15526021,3.223970882,21,2527024759,25.25601687,33.338,898175,0.975830019,67.855,37.3
LU,0.91219745,100,25.45679037,5.356611264,15.44261306,51.53456,1.38,0.325616347,3.569590092,4.49542,87.8896,48704,1.945908029,9.031313661,381.5166164,53.71193591,0.226573208,21,789478516,11.31715942,33.338,54417,1.000280023,91.223,34.9
MK,5.238276805,100,16.49484536,1.283610995,3.388998171,75.1015512,1.496,3.175183961,3.300149918,96.69999695,98.80999756,268179.1,0.024049441,24.21812973,138.8272215,50.15860428,8.046818646,20.3,252593569,23.4999906,8.300000191,870719,0.986109972,58.208,34.2
MG,5.300000001,25.90781212,6.015812994,45.45944488,0.156876974,29.90057564,4.077,2.102569679,2.825489998,72.38408661,77.27513885,268179.1,2.656240162,70.17441591,59.88171175,71.18425576,23.33861423,27.7,2679401,17.21931631,61.20000076,16758458,1.018980026,37.861,42.6
MW,3.600006433,18.02,40.30547306,49.64724799,0.075448776,32.51667034,4.209,1.649562331,4.714839935,55.20410919,69.75396729,268179.1,2.640375193,83.6494337,66.60450958,61.4128129,25.54072117,50.79,4437252,12.91956906,65.09999847,15429446,0.98852998,17.174,44.7
MY,1.488265156,100,2.684522904,18.13860307,8.091591623,51.53456,2.001,2.927798195,4.163189888,93.50482941,96.12304688,249999,1.327060649,5.194442589,123.0001837,26.25779942,7.255789665,21,86554988404,37.40141966,33.338,7474011,1.034540057,76.607,41
MV,0.2559014,100,13.00000032,8.159321228,3.03839853,52.7021959,1.87,3.912400211,4.099709988,98.11470795,97.29892731,56851,2.91560605,1.009594693,146.9915196,26.33333365,5.233177735,21,708,11.69872307,30.10000038,317308,0.99188,40.238,31.3
ML,5.900000001,50.9,5.254099771,60.25432518,0.176967052,30.9936127,5.877,1.6588905,3.787309885,25.73516083,46.18413925,268179.1,2.99663676,61.52698472,57.95211376,33.76605283,37.32059716,32.3,3021238,20.92417345,47.20000076,11178343,0.876399994,43.136,33
MT,7.864829471,100,28.34374905,7.002133543,2.947412574,51.53456,1.23,1.157843269,4.824379921,95.98872375,93.00997162,4501,3.651435801,5.355004746,273.7154936,32.43750036,0.71149905,21,758632076,12.46550797,33.338,26826,1.00406003,94.678,29.2
MR,0.649999982,44.52691269,0.436596488,52.7128002,0.657914406,71.55440464,4.561,3.067004864,1.89546001,43.35438919,63.74855042,25002,2.741280273,32.15957247,93.03579516,38.52818473,18.69950882,16.41397,3399,25.31916226,73.19999695,2058875,1.06043005,54.507,32.6
MU,2.543678651,97.46600342,36.94581281,7.264399218,3.442148744,51.53456,1.41,2.98155626,4.719349861,89.36637878,93.35735321,0,0.032240043,11.53736196,92.17452899,42.36453202,2.897378734,21,24298902,17.26688432,33.338,749731,1.024670005,40.766,36.8
MX,6.429855904,100,11.60626559,9.093436836,3.943827403,38.1158696,2.129,1.050305146,4.522819996,94.60804749,96.23290253,268179.1,1.091362132,9.215213455,77.91529344,54.64955374,3.388358384,7.350553,75234337293,30.88271118,16,24948670,1.046270013,80.444,45.4
FM,7.017886,82.09972382,2.857142857,12.70663009,1.297581999,51.53456,3.053,1.536144447,12.40791988,4.49542,87.8896,268179.1,1.037743079,1.196237862,100.8514618,31.42857143,22.51219919,21,16399628226,4.866441438,33.338,87852,1.022619963,22.812,40.1
MD,6.664927518,100,55.55792183,4.470503145,1.825536995,59.8620285,1.262,5.467325235,5.439730167,99.14041901,99.60201263,268179.1,1.35,14.27368871,87.38739573,74.21708726,10.05165031,34.5,24973388,22.77172469,59.20000076,1525350,0.980740011,42.726,25.7
MN,22.29278917,98.1,0.365096947,6.309566022,8.300172198,253.0628898,2.895,3.367089797,4.088590145,98.64888763,98.18601227,268179.1,1.718753097,3.42973729,126.2180656,71.48884055,10.80062215,17.21557608,39589730,38.45332578,38.29999924,1014541,1.02402997,68.543,32.7
ME,2.426267399,100,0.669144981,1.41387632,3.240945327,149.9504362,1.745,4.077992873,4.49542,98.27134705,99.45046997,268179.1,0.011247907,43.00406055,108.511988,18.95910781,6.393841539,21,4246458,16.12944145,27.10000038,204336,1.011240005,67.15,39
MA,3.349072605,100,18.21644634,8.906129377,1.744435849,46.8343033,2.415,1.036395573,5.260640144,64.59137726,83.30135345,268179.1,1.22105093,11.31745963,87.14160376,68.54470087,12.16319049,6,1018014031,25.34464936,9.199999809,13496743,0.951110005,62.994,39.5
MZ,0.020730607,31.1,7.184821588,54.4396366,0.285402032,135.7348387,4.852,0.473500298,5.499849796,50.29513931,72.59944916,30004,2.907137438,86.40050892,116.5471512,63.51890943,26.02672382,27.2,27220071,22.85658459,77.19999695,19273930,0.917689979,36.528,54
MM,10.03887505,66.26457214,16.70239481,21.59729881,0.476580079,15.16457868,2.154,2.246355673,1.93208003,71.84699249,80.01158905,268179.1,0.625548337,61.52781165,60.68898922,19.53818828,21.35405077,21,219420963,37.96077086,56.09999847,37371327,1.01078999,30.852,30.7
NA,3.222187839,53.87387466,0.971711062,45.15033261,1.793035405,51.53456,3.396,2.654057431,8.349610329,91.43643188,91.62741852,8713,1.872480881,26.46842984,83.47556106,47.13891824,6.613173976,21,2508912,26.59383149,42.29999924,1221272,1.013100028,51.042,59.1
NP,7.7600531,93.92,14.74502931,24.82083296,0.333997918,21.01382764,1.917,5.043372216,5.102069855,59.72443008,78.59133911,208549,1.837337077,85.26395819,54.92592114,28.74782002,24.25589183,41.50491273,5993527,13.29568588,49.29999924,22843197,1.046489954,20.153,32.8
NL,3.237532934,100,30.51350549,6.000823844,10.02797271,51.53456,1.59,1.083609597,5.17509985,4.49542,87.8896,80000,0.58572446,5.889463079,156.2244599,53.30958741,1.646288107,21,87120587840,17.70373726,33.338,1409098,1.005849957,91.876,28.5
NI,3.298288509,88.07795715,12.49792255,9.45054217,0.887087256,96.98328464,2.404,3.305396702,4.357679844,82.77935028,82.43855286,268179.1,1.229573677,48.20490919,95.07588362,42.08908094,15.41303163,56.22113,24126468,25.06763697,42.20000076,2699365,1.035159945,58.76,46.2
NE,7.876113938,17.6,13.26280887,59.17361433,0.097016004,26.7491268,6.913,1.960443907,3.547209978,26.64999962,43.59405899,20001,3.793668153,78.93982752,37.79391688,36.0637878,37.80548405,50.3,4597297,20.23350953,58.79999924,19460484,0.838320017,16.517,34.3
NG,27.25740193,56.5,37.33104955,65.20789105,0.647284835,12.65023996,5.387,3.513963445,4.49542,52.65647888,71.25570679,268179.1,2.564841886,86.63562156,34.02387783,77.73642083,21.90629593,34.07294,85424676,27.38253705,53.90000153,98156651,0.930320025,51.157,35.1
NO,5.202524249,100,2.205092497,7.679579779,7.836962479,51.53456,1.56,0.474165157,7.911980152,4.49542,87.8896,140000,0.675061373,57.7720016,72.14649965,2.694078329,1.931982104,21,4636646551,29.10338765,0.001,929678,0.977540016,82.616,27
PK,4.345887146,71.0915467,40.2656704,33.14795923,0.987832348,36.98243704,3.51,3.682762036,2.89951992,46.46767044,71.11599731,268179.1,2.029214863,46.47632492,30.43820826,47.7947281,22.04142176,12.5,396193878,18.3387737,40.09999847,136637556,0.864229977,36.907,33.5
PS,1.351613216,100,8.441860414,20.51811,0.740606555,51.53456,3.643,6.446661461,5.25233984,95.74195099,98.65776062,268179.1,2.511782463,10.47271496,69.20515631,49.32226137,7.359645135,21,13274645,19.28412568,33.338,1103858,1.058120012,76.44,33.7
PA,2.847907388,100,7.573311811,13.36727042,2.654140941,51.53456,2.461,1.318918339,3.159009933,94.8817215,95.96893311,56000,1.651786891,21.23415234,83.20963222,30.36050578,2.125872744,7.020013,1361750579,29.52299972,22.10000038,1356355,1.011700034,68.059,49.2
PG,8.632207094,58.96735764,0.662456388,30.27202678,0.911013497,78.80659117,3.564,3.851133162,1.930889964,57.90000153,65.29000092,38578,1.953679082,52.49865195,131.082911,2.627743674,16.97383549,21,17574763,36.92404501,33.338,7613275,0.857599974,13.25,41.9
PY,8.934086112,100,12.08155047,13.95406885,1.092871037,44.48462904,2.429,2.033639717,3.438339949,93.53170776,94.51148224,268179.1,1.265167271,61.67699459,69.15760135,55.08431915,10.07876113,15.70421,76176090,32.23693066,17.10000038,2685486,1.016010046,61.879,46.2
PE,1.283909991,95.2,2.740625,17.537581,1.856501313,29.68754952,2.254,0.512493735,3.847290039,91.70310974,97.12136841,495345,1.616157197,25.50390552,47.12189258,18.50546875,6.960742874,23.12193257,179330470,30.22376034,33.09999847,7120114,0.952740014,78.099,42.8
PH,1.843683245,94.85723114,18.74769427,24.28166467,1.179649658,20.19484449,2.576,4.604007082,2.537770033,98.24175262,98.12325287,268179.1,1.363994679,27.45154445,68.60690606,41.72116578,8.824422121,10.9,35825933401,30.16588589,42.90000153,57140712,1.026489973,47.149,44.4
PL,3.273736997,100,35.29181227,5.852220822,7.875581533,51.53456,1.46,4.551590867,4.559569836,98.25198364,99.27516937,268179.1,0.012480099,11.91148821,106.3637969,46.94470753,2.346378825,21,20354175965,28.64803137,0.01,15172143,0.98022002,60.037,29.7
PT,4.67729504,100,10.68351748,8.517003445,4.720545309,51.53456,1.42,2.379383843,5.015610218,95.0725174,97.35362244,92133,0.045910037,27.15729839,86.78232742,39.4529404,2.055284332,4.586185807,3595047498,18.89991426,3.599999905,3521605,0.98605001,65.764,33.8
RO,6.452959394,100,37.30006954,5.327697619,3.515261924,51.53456,1.76,4.776799214,3.095390081,98.59976959,99.10800934,268179.1,1.35,23.69779403,84.55986923,58.76651599,4.102620185,1.7,6994469377,28.16288911,12.10000038,8892194,0.998149991,54.084,36
RU,3.351110777,100,7.518031242,3.903452971,11.99943207,29.80679259,1.57,1.410731282,4.689909935,99.73410797,99.72515869,912279,0.106871954,3.304228351,49.07406987,13.29447034,3.448292072,21,10864829654,32.16630339,33.338,36697963,0.977890015,74.587,37.5
RW,18.0452696,34.71657181,46.68422988,38.18091588,0.095533926,62.03904915,4.044,6.612039127,3.073750019,69.39453888,77.55879974,268179.1,2.607652645,86.65537429,57.94717872,73.43737135,23.54719582,6,6816497,18.88981516,42.09999847,10440846,1.009950042,17.313,43.7
WS,15.07193496,100,2.826855124,10.36586606,1.262955252,50.13398192,3.877,3.072436875,4.162220001,99.24504089,98.95609283,268179.1,0.491828867,34.32489441,88.86457502,12.36749117,9.754449529,21,105679,15.58594491,33.338,161509,1.051470041,18.056,38.7
ST,7.017886,71,9.062499801,30.9546637,0.595447455,60.35676786,4.321,1.023715269,5.149069786,89.51573181,96.16268158,268179.1,1.890763323,41.05599898,93.84696,50.72916746,12.4625608,21,191951,12.32906676,85.69999695,56779,1.040549994,73.598,56.3
SN,2.951996118,66.95944977,16.62078637,43.75460785,0.727113125,58.83074017,4.625,2.415936541,4.833280087,39.7985611,64.81227875,268179.1,2.749747408,42.71175163,60.50640246,46.06035423,14.79156783,37.26405569,9412110,24.3804687,29.5,8530658,1.137279987,47.653,40.3
RS,10.66643176,100,29.705008,2.709732238,6.406826438,73.71017397,1.49,4.813348779,3.585390091,98.22827911,99.49970245,20000,1.35,21.17388528,112.082066,39.33226618,5.953788831,23.42707,458079442,25.57405785,3.599999905,3037846,1.006719947,56.26,36.2
SC,9.373065125,100,0.32608697,13.48508641,6.390728477,51.53456,2.41,4.38155693,4.421020031,96.35019684,95.41175842,2634,0.887925293,1.352935548,172.2595368,3.369565114,2.304932134,21,1946595,10.98159442,33.338,41863,1.054939985,57.119,46.8
SL,16.49207422,26.1,21.94513716,56.67575956,0.149104947,44.42212555,4.263,3.305751805,7.702280045,34.85203171,51.6468811,60000,2.109075252,77.66055863,53.51780502,54.71044611,54.34143905,60.7,378767,5.237131874,59.09999847,4493849,1.005910039,42.484,35.7
SK,2.091295757,100,28.01580699,5.104775248,5.970322225,51.53456,1.54,2.18003979,3.939130068,63,87.8896,7423,0.133971298,13.40916822,184.4792494,39.22628952,2.466107319,21,8048293470,28.72078641,33.338,2523688,1.00672996,53.729,25.2
SI,4.448200939,100,9.129183266,2.654956395,6.117461533,51.53456,1.6,2.489904906,4.783239841,99.59999847,99.69000244,9999,0.675280808,20.87739614,159.0275578,30.65633976,2.005825235,21,2333334083,28.88777655,3.700000048,943491,1.013360023,54.822,24.2
SB,7.017886,66.66609955,0.714540908,23.39944205,0.272315022,22.27266537,4.403,1.266267083,9.860630035,69,83.69999695,268179.1,2.565385064,63.3074464,86.92046593,3.8585209,29.70236643,21,171263,25.13374,33.338,507659,0.973439992,24.21,37.1
ZA,3.296329473,91.22987366,10.30426432,35.68035783,8.480658464,54.95012075,2.405,0.247278817,6.505050182,86.45863342,87.67774963,727026,1.338617391,17.15014125,59.20453606,79.83002086,1.884542463,21,1832937779,25.99922187,25.60000038,19408552,1.003010035,66.856,63
ES,0.740282301,100,24.69589497,5.610444665,5.249157873,51.53456,1.26,1.345862171,4.20773983,97.97377777,98.92539215,200000,0.594469675,16.25409774,66.77616463,52.57724744,2.614936711,21,15069892196,20.47796705,5.5,9160400,1.016860008,80.565,34.7
LK,1.758277683,99.58340454,20.73034604,9.470242124,1.101846767,68.75242338,2.199,1.659528188,2.124209881,90.79560089,92.77292633,268179.1,0.611875946,52.87589204,52.37086358,43.69319088,7.417575763,13,79026656,27.39786052,33.338,17750912,1.024160028,18.585,39.8
LC,7.017886,99.53749847,4.918032787,7.9406532,2.301754211,31.99344312,1.436,1.227401354,3.331799984,4.49542,87.8896,0,0.494134202,2.132623536,93.84696,17.37704981,2.011141314,21,5351934,9.967218711,11.19999981,148510,0.998480022,18.754,51.2
SD,1.590159016,59.783535,14.02325,35.54565104,0.501909734,77.0586347,4.407,1.814954094,2.218679905,56.06322861,65.43515015,268179.1,2.391434033,61.59674748,16.66852726,37.44,11.60708963,34.2583961,869554,0.959526057,88.40000153,27856005,0.962260008,34.936,34.2
SZ,1.413767529,76.50398254,10.1744186,42.07940293,1.036913457,15.58521278,2.99,1.180720971,7.070320129,88.54268646,88.2875824,268179.1,1.045309194,66.10465921,89.09226069,71.04651163,8.454585132,14.5,3567980,34.09354922,32.09999847,872797,0.941690028,23.981,54.6
SE,1.09651096,100,6.320984257,5.915461772,4.35875184,51.53456,1.76,0.175669648,7.568830013,4.49542,87.8896,200000,1.077580381,53.2477698,90.48488584,7.442734036,1.444411142,21,17554679389,22.18252897,0.001,1263481,1.041970015,87.708,28.8
CH,5.733883007,100,10.08958403,4.74880947,4.117489823,51.53456,1.52,0.216690512,5.130189896,4.49542,87.8896,259999,0.708089213,25.29198368,119.4384956,38.36344603,0.654732413,21,29879336966,25.60408867,33.338,2242521,0.970459998,73.849,32.7
SY,11.31782979,86,25.3880085,10.65661293,1.651774073,51.53456,2.808,1.345096533,5.130139828,73.6265564,87.75814056,370000,0.96451174,0.521155172,76.47647598,75.81005282,19.5368679,8.8,42302624,35.91176841,37.90000153,7712116,0.982309997,54.821,35.8
TJ,1.100008403,99.3,5.259744938,19.49272772,0.612889431,70.18831493,3.585,4.48344979,5.231389999,99.69999695,99.81999969,268179.1,2.390546289,44.65920392,56.64274416,34.13790619,19.2,8.7,16399628226,27.4,26,6775541,0.931699991,27.309,34
TZ,3.287759568,35.55897903,15.2404606,54.33698863,0.225684764,31.80369021,4.892,2.719899605,3.696439981,73.09382629,83.20484924,268179.1,2.951681673,85.71304194,32.23894101,44.76179725,28.74208607,35.26557,186258425,25.099525,40.09999847,37993578,1.030940056,34.5,40.5
TH,8.274164985,100,32.90336472,13.90396992,4.114223358,34.41602328,1.525,2.065004249,4.1240201,92.42855835,95.20239258,97222,0.283426556,22.86307013,110.3941653,43.27741784,7.984295466,15.7,40263648711,33.41354243,23.70000076,34330982,0.983179987,50.692,36.4
TG,2.295725853,51.34528351,48.72219158,48.56244122,0.399417466,40.01269663,4.32,2.819727291,5.369569778,51.24177933,77.25942993,268179.1,2.420335208,71.26466714,71.65460451,70.2334988,22.54578525,37.08040163,710008,15.42630574,54.29999924,4667728,0.874740005,42.248,43.1
TO,7.017886,98.89260101,25,11.0828438,1.269071421,34.68438305,3.556,2.446200617,3.908040047,99.47502899,99.35098267,268179.1,1.248987063,1.879751582,87.60920134,45.83333333,17.06821878,21,28003,15.37912387,33.338,80349,1.01038003,23.107,37.6
TN,5.197507206,99.8,18.66632338,7.144559056,2.64840154,100.7620933,2.197,1.49480936,6.596010208,72.22377014,86.06011963,268179.1,1.113643743,12.56235035,109.3773991,64.83650875,10.37464096,3.9,840507140,22.73733585,8.199999809,3595658,1.067800045,69.254,32.8
TR,10.6350762,100,26.48155607,5.165318472,4.669466686,58.88006795,2.069,1.435799271,2.750629902,93.49826813,98.81996155,1419610,1.339260351,13.37423004,62.68286374,49.79925419,6.423208383,3.3,4302100256,27.19211702,8.600000381,20331797,0.979900003,75.63,41.9
TV,7.017886,100,14.02325,20.51811,0.980044543,51.53456,2.627643,8.455535869,4.49542,4.49542,87.8896,268179.1,1.192032773,0,93.84696,59.99999841,16.50809106,21,16399628226,7.276344894,33.338,4284,1.022040009,63.215,39.1
UG,6.975722683,42.65,34.41053262,51.66055771,0.143267095,40.79194842,4.955,3.072401728,2.130520105,70.83805847,82.65601349,843469,3.555740529,89.05794898,39.56588749,71.88809096,23.05150806,37.1,19912643,26.29989208,48.29999924,33485078,0.961059988,24.361,42.8
UA,6.287100956,100,56.57960607,3.133815956,4.493971404,78.11748758,1.301,3.827901957,5.412260056,99.95819855,99.99394226,50001,1.35,4.144318039,90.17379013,71.66531444,9.009088796,5.1,1247555874,22.56368246,19,13549776,0.995869994,69.473,26.1
AE,3.550756771,100,0.626584061,7.091691271,22.04082852,51.53456,1.413,0.225275019,4.49542,95.09761047,92.55615997,200000,1.438780445,0.137108046,160.9360929,5.474514049,0.730840171,21,476586475,46.16036914,33.338,1290785,0.948279977,86.789,32.5
GB,4.626633519,100,24.90807161,8.156775141,5.776795985,51.53456,1.68,0.894788653,5.442090034,4.49542,87.8896,1303250,0.56125539,8.711685574,64.28777356,71.71487814,0.610660917,21,78176113114,17.4206874,33.338,10926403,1.01304996,83.652,34.8
US,1.078953113,100,16.64540384,5.302059801,15.50220398,51.53456,1.7295,1.6781254,4.961740017,4.49542,87.8896,4774029,0.473953539,8.716935867,26.31415355,44.369068,0.864583084,21,1.56E+11,18.63860165,33.338,57576495,0.994700015,82.459,41.1
UY,0.190200444,100,13.77328361,7.154288717,1.975862788,51.53456,1.973,1.247312548,5.047589779,99.00773621,98.37136078,268179.1,0.359859761,58.02204118,41.03010207,82.55970523,5.899620456,9.4,116890950,24.17676071,33.338,158340,1.054409981,95.426,39.7
UZ,24.88083804,100,10.34320639,8.208315969,2.882785961,36.98488436,2.419,3.60039615,5.281340122,99.98587036,99.99997711,268179.1,1.877363542,2.9701787,73.0168778,62.92900799,25.51586136,5.3,20483658,33.15585534,52.20000076,16644772,0.991859973,50.433,35.3
VU,0.19988578,61.86476898,1.640689089,16.85704861,0.527000323,44.59357043,3.782,0.784575676,4.533530235,86.70609283,88.30635071,600,2.430920193,36.1110646,97.94713623,15.34044299,25.84241165,21,16399628226,11.05944588,33.338,223730,0.98793,25.394,37.6
VE,24.39555246,100,3.061050961,15.56175006,5.500712738,33.73773408,2.272,3.920542223,6.874680042,97.21370697,97.03910828,268179.1,0.1220584,12.84157855,48.09081353,24.48840769,5.026753566,5.368505,16399628226,37.24468889,44.09999847,3353461,1.019359946,88.24,46.9
VN,8.34941864,100,22.5690973,9.304941124,2.057565917,47.56138197,2.049,5.99486601,4.167449951,93.59671021,96.45677948,268179.1,0.960110494,34.99856984,210.4002453,39.27500242,13.95647559,11.7,90436077041,34.48966334,13.80000019,61129966,0.984406,36.628,35.7
YE,7.017886,62,2.363770669,30.14559271,0.390479572,31.26123771,3.792,2.014195485,5.15143013,35,73.16000366,268179.1,2.300580114,2.276416687,93.84696,44.5972309,5.702669543,17.1,5030503,40.60737235,66.19999695,18292399,0.820739985,37.273,36.7
ZM,43.93674414,39.81262207,5.111717941,56.51785266,0.314182895,119.3470696,4.633,1.047771931,4.618090153,83.08344269,90.60118103,268179.1,2.892372927,87.98545236,68.79104274,32.06392338,2.860718458,35.4,22478701,34.94203675,54.59999847,9989317,0.984406,44.072,57.1
ZW,3.247994788,41.04158401,10.33992504,47.64730062,0.782776887,61.85860518,3.615,3.361137949,5.871349812,88.28382874,89.1853714,268179.1,1.419681046,81.79780855,50.00536144,41.87669639,8.304691095,21,27810712,20.6429069,33.5,9928163,0.970120013,32.21,44.3
